,ARIMA,Linear,LSTM,Transformer
15,0.0438,0.047471307,0.03495713,0.054507259
30,0.056,0.089541353,0.073238306,0.097838329
45,0.0768,0.117404968,0.099193856,0.124127503
60,0.0989,0.143237352,0.120799005,0.192375524
75,0.118,0.164226338,0.139315158,0.16239502
90,0.134,0.181269243,0.158072859,0.173508943
105,0.1478,0.197185159,0.170177191,0.216181686
120,0.1598,0.207267866,0.1810361,0.224636957
